recommendationid,app_id,game,language,review,timestamp_created,timestamp_updated,voted_up,votes_up,votes_funny,weighted_vote_score,comment_count,steam_purchase,received_for_free,written_during_early_access,hidden_in_steam_china,steam_china_location,name,release_date,estimated_owners,peak_ccu,required_age,price,discountdlc_count,about_the_game,supported_languages,full_audio_languages,reviews,header_image,website,support_url,support_email,windows,mac,linux,metacritic_score,metacritic_url,user_score,positive,negative,score_rank,achievements,recommendations,notes,average_playtime_forever,average_playtime_two_weeks,median_playtime_forever,median_playtime_two_weeks,developers,publishers,categories,genres,tags,screenshots,movies
142943284,2100,Dark Messiah of Might & Magic Single Player,english,"10/10 old school gold school vibes, back when ubisoft actually used to make and publish some passionate video games for the industry.",1690536113,1690536113,1,0,0,0.0,0,1,0,0,1,,"Feb 21, 2019",0 - 20000,0,0,0.99,0,0,"Welcome to the year 2100. It is the time when humans have decided to colonise Mars. You have been selected to participate in the operation by completing research on the most advanced space station in all of the history of mankind. The space station has the most advanced artificial intelligence, and when time progresses things start to take a turn for the worst. The artificial intelligence begins to malfunction, and tries to kill you at every opportunity given. Alone, you must survive long enough to escape the station and make it back to Earth, but do you have what it takes? IMMERSIVE ENVIRONMENT The atmosphere of 2100 is built to have an immersive experience. With realistic components used, you will feel as if you are in the space station in real life. THE ENEMY: ARTIFICIAL INTELLIGENCE The only enemy in 2100 is the artificial intelligence. You are placed against it, in a race against time. But do you have what it takes? Features Story Driven-While exploring the world of 2100, the story of what happened will slowly unfold. Everything may seem correct at first, but than abnormal events begin to occur. This makes you question what is happening. Large diverse space station to explore with different sectors. This is enhanced with the use of realistic items. Realistic effects used-While you fight your way against the AI and try to outsmart it, it will attempt to stop you in every possible way. You will have to be ready at what it throws at you Resource management. With very limited equipment at your disposal, will you make good or bad use of it? Will it contribute to your escape, or force you stuck on the station with the AI that is malfunctioning?",['English'],['English'],,https://shared.akamai.steamstatic.com/store_item_assets/steam/apps/1018090/header.jpg?t=1550896798,,,interactivegamingstudios29@gmail.com,True,False,False,0,,0,5,12,,0,0,,0,0,0,0,Interactive Gaming Studios,Interactive Gaming Studios,"Single-player,Family Sharing","Action,Adventure,Indie","Action,Adventure,Indie,Space,First-Person,Sci-fi,Singleplayer,3D","https://shared.akamai.steamstatic.com/store_item_assets/steam/apps/1018090/ss_38e3e3e83c33785cc2f375df1f7434604755ee53.1920x1080.jpg?t=1550896798,https://shared.akamai.steamstatic.com/store_item_assets/steam/apps/1018090/ss_7d6b78d5e1a22ea138ae8a28d4edfed93bbbc333.1920x1080.jpg?t=1550896798,https://shared.akamai.steamstatic.com/store_item_assets/steam/apps/1018090/ss_3c90c2b9064ec8e32fe494d90a573be6a76e14a2.1920x1080.jpg?t=1550896798,https://shared.akamai.steamstatic.com/store_item_assets/steam/apps/1018090/ss_c0afccf6b93c0cad248443a51c8101bf437c95fe.1920x1080.jpg?t=1550896798,https://shared.akamai.steamstatic.com/store_item_assets/steam/apps/1018090/ss_38bdcac7fb28cec4a13905f146a29862df3083f5.1920x1080.jpg?t=1550896798",
142207687,2100,Dark Messiah of Might & Magic Single Player,english,Father of Skyrim. Creator of Skyrim. God of Skyrim.,1689522225,1689522225,1,11,1,0.564216077327728,0,1,0,0,1,,"Feb 21, 2019",0 - 20000,0,0,0.99,0,0,"Welcome to the year 2100. It is the time when humans have decided to colonise Mars. You have been selected to participate in the operation by completing research on the most advanced space station in all of the history of mankind. The space station has the most advanced artificial intelligence, and when time progresses things start to take a turn for the worst. The artificial intelligence begins to malfunction, and tries to kill you at every opportunity given. Alone, you must survive long enough to escape the station and make it back to Earth, but do you have what it takes? IMMERSIVE ENVIRONMENT The atmosphere of 2100 is built to have an immersive experience. With realistic components used, you will feel as if you are in the space station in real life. THE ENEMY: ARTIFICIAL INTELLIGENCE The only enemy in 2100 is the artificial intelligence. You are placed against it, in a race against time. But do you have what it takes? Features Story Driven-While exploring the world of 2100, the story of what happened will slowly unfold. Everything may seem correct at first, but than abnormal events begin to occur. This makes you question what is happening. Large diverse space station to explore with different sectors. This is enhanced with the use of realistic items. Realistic effects used-While you fight your way against the AI and try to outsmart it, it will attempt to stop you in every possible way. You will have to be ready at what it throws at you Resource management. With very limited equipment at your disposal, will you make good or bad use of it? Will it contribute to your escape, or force you stuck on the station with the AI that is malfunctioning?",['English'],['English'],,https://shared.akamai.steamstatic.com/store_item_assets/steam/apps/1018090/header.jpg?t=1550896798,,,interactivegamingstudios29@gmail.com,True,False,False,0,,0,5,12,,0,0,,0,0,0,0,Interactive Gaming Studios,Interactive Gaming Studios,"Single-player,Family Sharing","Action,Adventure,Indie","Action,Adventure,Indie,Space,First-Person,Sci-fi,Singleplayer,3D","https://shared.akamai.steamstatic.com/store_item_assets/steam/apps/1018090/ss_38e3e3e83c33785cc2f375df1f7434604755ee53.1920x1080.jpg?t=1550896798,https://shared.akamai.steamstatic.com/store_item_assets/steam/apps/1018090/ss_7d6b78d5e1a22ea138ae8a28d4edfed93bbbc333.1920x1080.jpg?t=1550896798,https://shared.akamai.steamstatic.com/store_item_assets/steam/apps/1018090/ss_3c90c2b9064ec8e32fe494d90a573be6a76e14a2.1920x1080.jpg?t=1550896798,https://shared.akamai.steamstatic.com/store_item_assets/steam/apps/1018090/ss_c0afccf6b93c0cad248443a51c8101bf437c95fe.1920x1080.jpg?t=1550896798,https://shared.akamai.steamstatic.com/store_item_assets/steam/apps/1018090/ss_38bdcac7fb28cec4a13905f146a29862df3083f5.1920x1080.jpg?t=1550896798",
139396611,2100,Dark Messiah of Might & Magic Single Player,brazilian,"Dark Messiah of Might & Magic é um jogo de ação em primeira pessoa que combina elementos de RPG e combate intenso. Com uma ambientação sombria e atmosférica, o jogo transporta para um mundo de fantasia repleto de criaturas perigosas e magia poderosa. A jogabilidade é centrada em combates brutais, oferecendo uma variedade de armas e habilidades para os jogadores experimentarem. A física realista e interativa adiciona uma camada extra de imersão, permitindo que os jogadores usem o ambiente a seu favor durante as batalhas. Essa é uma escolha sólida para os fãs de jogos de ação e RPG que procuram uma experiência desafiadora e imersiva.",1685661477,1685661477,1,17,1,0.661109745502472,0,1,0,0,1,,"Feb 21, 2019",0 - 20000,0,0,0.99,0,0,"Welcome to the year 2100. It is the time when humans have decided to colonise Mars. You have been selected to participate in the operation by completing research on the most advanced space station in all of the history of mankind. The space station has the most advanced artificial intelligence, and when time progresses things start to take a turn for the worst. The artificial intelligence begins to malfunction, and tries to kill you at every opportunity given. Alone, you must survive long enough to escape the station and make it back to Earth, but do you have what it takes? IMMERSIVE ENVIRONMENT The atmosphere of 2100 is built to have an immersive experience. With realistic components used, you will feel as if you are in the space station in real life. THE ENEMY: ARTIFICIAL INTELLIGENCE The only enemy in 2100 is the artificial intelligence. You are placed against it, in a race against time. But do you have what it takes? Features Story Driven-While exploring the world of 2100, the story of what happened will slowly unfold. Everything may seem correct at first, but than abnormal events begin to occur. This makes you question what is happening. Large diverse space station to explore with different sectors. This is enhanced with the use of realistic items. Realistic effects used-While you fight your way against the AI and try to outsmart it, it will attempt to stop you in every possible way. You will have to be ready at what it throws at you Resource management. With very limited equipment at your disposal, will you make good or bad use of it? Will it contribute to your escape, or force you stuck on the station with the AI that is malfunctioning?",['English'],['English'],,https://shared.akamai.steamstatic.com/store_item_assets/steam/apps/1018090/header.jpg?t=1550896798,,,interactivegamingstudios29@gmail.com,True,False,False,0,,0,5,12,,0,0,,0,0,0,0,Interactive Gaming Studios,Interactive Gaming Studios,"Single-player,Family Sharing","Action,Adventure,Indie","Action,Adventure,Indie,Space,First-Person,Sci-fi,Singleplayer,3D","https://shared.akamai.steamstatic.com/store_item_assets/steam/apps/1018090/ss_38e3e3e83c33785cc2f375df1f7434604755ee53.1920x1080.jpg?t=1550896798,https://shared.akamai.steamstatic.com/store_item_assets/steam/apps/1018090/ss_7d6b78d5e1a22ea138ae8a28d4edfed93bbbc333.1920x1080.jpg?t=1550896798,https://shared.akamai.steamstatic.com/store_item_assets/steam/apps/1018090/ss_3c90c2b9064ec8e32fe494d90a573be6a76e14a2.1920x1080.jpg?t=1550896798,https://shared.akamai.steamstatic.com/store_item_assets/steam/apps/1018090/ss_c0afccf6b93c0cad248443a51c8101bf437c95fe.1920x1080.jpg?t=1550896798,https://shared.akamai.steamstatic.com/store_item_assets/steam/apps/1018090/ss_38bdcac7fb28cec4a13905f146a29862df3083f5.1920x1080.jpg?t=1550896798",
137480026,2100,Dark Messiah of Might & Magic Single Player,schinese,慕名而来，但毕竟太老了，兼容问题，有解决方法但其乐又有限制，难得弄了，收藏积灰吧。,1682771972,1682771972,1,0,0,0.0,0,1,0,0,1,,"Feb 21, 2019",0 - 20000,0,0,0.99,0,0,"Welcome to the year 2100. It is the time when humans have decided to colonise Mars. You have been selected to participate in the operation by completing research on the most advanced space station in all of the history of mankind. The space station has the most advanced artificial intelligence, and when time progresses things start to take a turn for the worst. The artificial intelligence begins to malfunction, and tries to kill you at every opportunity given. Alone, you must survive long enough to escape the station and make it back to Earth, but do you have what it takes? IMMERSIVE ENVIRONMENT The atmosphere of 2100 is built to have an immersive experience. With realistic components used, you will feel as if you are in the space station in real life. THE ENEMY: ARTIFICIAL INTELLIGENCE The only enemy in 2100 is the artificial intelligence. You are placed against it, in a race against time. But do you have what it takes? Features Story Driven-While exploring the world of 2100, the story of what happened will slowly unfold. Everything may seem correct at first, but than abnormal events begin to occur. This makes you question what is happening. Large diverse space station to explore with different sectors. This is enhanced with the use of realistic items. Realistic effects used-While you fight your way against the AI and try to outsmart it, it will attempt to stop you in every possible way. You will have to be ready at what it throws at you Resource management. With very limited equipment at your disposal, will you make good or bad use of it? Will it contribute to your escape, or force you stuck on the station with the AI that is malfunctioning?",['English'],['English'],,https://shared.akamai.steamstatic.com/store_item_assets/steam/apps/1018090/header.jpg?t=1550896798,,,interactivegamingstudios29@gmail.com,True,False,False,0,,0,5,12,,0,0,,0,0,0,0,Interactive Gaming Studios,Interactive Gaming Studios,"Single-player,Family Sharing","Action,Adventure,Indie","Action,Adventure,Indie,Space,First-Person,Sci-fi,Singleplayer,3D","https://shared.akamai.steamstatic.com/store_item_assets/steam/apps/1018090/ss_38e3e3e83c33785cc2f375df1f7434604755ee53.1920x1080.jpg?t=1550896798,https://shared.akamai.steamstatic.com/store_item_assets/steam/apps/1018090/ss_7d6b78d5e1a22ea138ae8a28d4edfed93bbbc333.1920x1080.jpg?t=1550896798,https://shared.akamai.steamstatic.com/store_item_assets/steam/apps/1018090/ss_3c90c2b9064ec8e32fe494d90a573be6a76e14a2.1920x1080.jpg?t=1550896798,https://shared.akamai.steamstatic.com/store_item_assets/steam/apps/1018090/ss_c0afccf6b93c0cad248443a51c8101bf437c95fe.1920x1080.jpg?t=1550896798,https://shared.akamai.steamstatic.com/store_item_assets/steam/apps/1018090/ss_38bdcac7fb28cec4a13905f146a29862df3083f5.1920x1080.jpg?t=1550896798",
137379490,2100,Dark Messiah of Might & Magic Single Player,english,"Like Vampire Masquerade, it's a primo Source game I really should consider playing at some point. I played Might and Magic VI Mandate of Heaven, and DID you know that at the end of the game there are space aliens! haha spoiled it!",1682615926,1682615926,1,4,0,0.140598401427269,0,0,0,0,1,,"Feb 21, 2019",0 - 20000,0,0,0.99,0,0,"Welcome to the year 2100. It is the time when humans have decided to colonise Mars. You have been selected to participate in the operation by completing research on the most advanced space station in all of the history of mankind. The space station has the most advanced artificial intelligence, and when time progresses things start to take a turn for the worst. The artificial intelligence begins to malfunction, and tries to kill you at every opportunity given. Alone, you must survive long enough to escape the station and make it back to Earth, but do you have what it takes? IMMERSIVE ENVIRONMENT The atmosphere of 2100 is built to have an immersive experience. With realistic components used, you will feel as if you are in the space station in real life. THE ENEMY: ARTIFICIAL INTELLIGENCE The only enemy in 2100 is the artificial intelligence. You are placed against it, in a race against time. But do you have what it takes? Features Story Driven-While exploring the world of 2100, the story of what happened will slowly unfold. Everything may seem correct at first, but than abnormal events begin to occur. This makes you question what is happening. Large diverse space station to explore with different sectors. This is enhanced with the use of realistic items. Realistic effects used-While you fight your way against the AI and try to outsmart it, it will attempt to stop you in every possible way. You will have to be ready at what it throws at you Resource management. With very limited equipment at your disposal, will you make good or bad use of it? Will it contribute to your escape, or force you stuck on the station with the AI that is malfunctioning?",['English'],['English'],,https://shared.akamai.steamstatic.com/store_item_assets/steam/apps/1018090/header.jpg?t=1550896798,,,interactivegamingstudios29@gmail.com,True,False,False,0,,0,5,12,,0,0,,0,0,0,0,Interactive Gaming Studios,Interactive Gaming Studios,"Single-player,Family Sharing","Action,Adventure,Indie","Action,Adventure,Indie,Space,First-Person,Sci-fi,Singleplayer,3D","https://shared.akamai.steamstatic.com/store_item_assets/steam/apps/1018090/ss_38e3e3e83c33785cc2f375df1f7434604755ee53.1920x1080.jpg?t=1550896798,https://shared.akamai.steamstatic.com/store_item_assets/steam/apps/1018090/ss_7d6b78d5e1a22ea138ae8a28d4edfed93bbbc333.1920x1080.jpg?t=1550896798,https://shared.akamai.steamstatic.com/store_item_assets/steam/apps/1018090/ss_3c90c2b9064ec8e32fe494d90a573be6a76e14a2.1920x1080.jpg?t=1550896798,https://shared.akamai.steamstatic.com/store_item_assets/steam/apps/1018090/ss_c0afccf6b93c0cad248443a51c8101bf437c95fe.1920x1080.jpg?t=1550896798,https://shared.akamai.steamstatic.com/store_item_assets/steam/apps/1018090/ss_38bdcac7fb28cec4a13905f146a29862df3083f5.1920x1080.jpg?t=1550896798",
117364080,2100,Dark Messiah of Might & Magic Single Player,czech,"Spousta lidí říká že hra je lepší než Oblivion, z některých stran musím souhlasit a však hra není kdoví jaký trhák, ale co musím uznat tak že single player je lepší a stabilnější než verze pro multi-player.",1655830652,1655830652,1,0,0,0.0,0,1,0,0,0,,"Feb 21, 2019",0 - 20000,0,0,0.99,0,0,"Welcome to the year 2100. It is the time when humans have decided to colonise Mars. You have been selected to participate in the operation by completing research on the most advanced space station in all of the history of mankind. The space station has the most advanced artificial intelligence, and when time progresses things start to take a turn for the worst. The artificial intelligence begins to malfunction, and tries to kill you at every opportunity given. Alone, you must survive long enough to escape the station and make it back to Earth, but do you have what it takes? IMMERSIVE ENVIRONMENT The atmosphere of 2100 is built to have an immersive experience. With realistic components used, you will feel as if you are in the space station in real life. THE ENEMY: ARTIFICIAL INTELLIGENCE The only enemy in 2100 is the artificial intelligence. You are placed against it, in a race against time. But do you have what it takes? Features Story Driven-While exploring the world of 2100, the story of what happened will slowly unfold. Everything may seem correct at first, but than abnormal events begin to occur. This makes you question what is happening. Large diverse space station to explore with different sectors. This is enhanced with the use of realistic items. Realistic effects used-While you fight your way against the AI and try to outsmart it, it will attempt to stop you in every possible way. You will have to be ready at what it throws at you Resource management. With very limited equipment at your disposal, will you make good or bad use of it? Will it contribute to your escape, or force you stuck on the station with the AI that is malfunctioning?",['English'],['English'],,https://shared.akamai.steamstatic.com/store_item_assets/steam/apps/1018090/header.jpg?t=1550896798,,,interactivegamingstudios29@gmail.com,True,False,False,0,,0,5,12,,0,0,,0,0,0,0,Interactive Gaming Studios,Interactive Gaming Studios,"Single-player,Family Sharing","Action,Adventure,Indie","Action,Adventure,Indie,Space,First-Person,Sci-fi,Singleplayer,3D","https://shared.akamai.steamstatic.com/store_item_assets/steam/apps/1018090/ss_38e3e3e83c33785cc2f375df1f7434604755ee53.1920x1080.jpg?t=1550896798,https://shared.akamai.steamstatic.com/store_item_assets/steam/apps/1018090/ss_7d6b78d5e1a22ea138ae8a28d4edfed93bbbc333.1920x1080.jpg?t=1550896798,https://shared.akamai.steamstatic.com/store_item_assets/steam/apps/1018090/ss_3c90c2b9064ec8e32fe494d90a573be6a76e14a2.1920x1080.jpg?t=1550896798,https://shared.akamai.steamstatic.com/store_item_assets/steam/apps/1018090/ss_c0afccf6b93c0cad248443a51c8101bf437c95fe.1920x1080.jpg?t=1550896798,https://shared.akamai.steamstatic.com/store_item_assets/steam/apps/1018090/ss_38bdcac7fb28cec4a13905f146a29862df3083f5.1920x1080.jpg?t=1550896798",
97043980,2100,Dark Messiah of Might & Magic Single Player,english,Ages like fine wine,1628253998,1628253998,1,14,3,0.341829091310501,5,1,0,0,0,,"Feb 21, 2019",0 - 20000,0,0,0.99,0,0,"Welcome to the year 2100. It is the time when humans have decided to colonise Mars. You have been selected to participate in the operation by completing research on the most advanced space station in all of the history of mankind. The space station has the most advanced artificial intelligence, and when time progresses things start to take a turn for the worst. The artificial intelligence begins to malfunction, and tries to kill you at every opportunity given. Alone, you must survive long enough to escape the station and make it back to Earth, but do you have what it takes? IMMERSIVE ENVIRONMENT The atmosphere of 2100 is built to have an immersive experience. With realistic components used, you will feel as if you are in the space station in real life. THE ENEMY: ARTIFICIAL INTELLIGENCE The only enemy in 2100 is the artificial intelligence. You are placed against it, in a race against time. But do you have what it takes? Features Story Driven-While exploring the world of 2100, the story of what happened will slowly unfold. Everything may seem correct at first, but than abnormal events begin to occur. This makes you question what is happening. Large diverse space station to explore with different sectors. This is enhanced with the use of realistic items. Realistic effects used-While you fight your way against the AI and try to outsmart it, it will attempt to stop you in every possible way. You will have to be ready at what it throws at you Resource management. With very limited equipment at your disposal, will you make good or bad use of it? Will it contribute to your escape, or force you stuck on the station with the AI that is malfunctioning?",['English'],['English'],,https://shared.akamai.steamstatic.com/store_item_assets/steam/apps/1018090/header.jpg?t=1550896798,,,interactivegamingstudios29@gmail.com,True,False,False,0,,0,5,12,,0,0,,0,0,0,0,Interactive Gaming Studios,Interactive Gaming Studios,"Single-player,Family Sharing","Action,Adventure,Indie","Action,Adventure,Indie,Space,First-Person,Sci-fi,Singleplayer,3D","https://shared.akamai.steamstatic.com/store_item_assets/steam/apps/1018090/ss_38e3e3e83c33785cc2f375df1f7434604755ee53.1920x1080.jpg?t=1550896798,https://shared.akamai.steamstatic.com/store_item_assets/steam/apps/1018090/ss_7d6b78d5e1a22ea138ae8a28d4edfed93bbbc333.1920x1080.jpg?t=1550896798,https://shared.akamai.steamstatic.com/store_item_assets/steam/apps/1018090/ss_3c90c2b9064ec8e32fe494d90a573be6a76e14a2.1920x1080.jpg?t=1550896798,https://shared.akamai.steamstatic.com/store_item_assets/steam/apps/1018090/ss_c0afccf6b93c0cad248443a51c8101bf437c95fe.1920x1080.jpg?t=1550896798,https://shared.akamai.steamstatic.com/store_item_assets/steam/apps/1018090/ss_38bdcac7fb28cec4a13905f146a29862df3083f5.1920x1080.jpg?t=1550896798",
86652891,2100,Dark Messiah of Might & Magic Single Player,english,"[h1]Follow our [url=https://store.steampowered.com/curator/36214917/]Curator Group for more reviews[/url][/h1] *A small portion of the review has been trimmed due to Steam's character limit  Dark Messiah of Might & Magic is an action RPG with a unique take on combat. While most RPGs focus on steadily improving your character’s statistics, Dark Messiah mostly gives you new techniques to use. While there are some of your typical “+2 damage” skills, they are complementary, not the entirety of the skill tree.  Dark Messiah’s progression is directly tied into its combat system. Combat in Dark Messiah is basic on the surface, allowing you to play like a generic action RPG if you choose. You can spend your skill points on damage upgrades and extra health, which makes the game pretty easy, but also a bit bland. Dark Messiah’s strength is forcing you to be resourceful. When you come upon an enemy in Skyrim, you hit them with your sword, cast a spell, or shoot them with an arrow. In Dark Messiah, there is usually a better way to kill someone. Thanks to the dedicated kick key, you can always try to kick someone off a ledge to their death. You can kick them into a sharp object. Sometimes you can cut a rope, causing a heavy object to swing into an enemy, or knock over a pile of barrels. These are all tools you can use in Dark Messiah and it helps keep you engaged, instead of just mindlessly attacking with a sword or fireball.  Dark Messiah blends traditional action RPG combat with its own brand of physics based combat, creating many unique combat scenarios out of relatively basic ideas. For example, knocking someone down is a simple concept. Stabbing someone with your sword is equally straightforward. Dark Messiah gives you the ability to kill any enemy with one hit, as long as they are knocked down. Then the game gives you plenty of tools to achieve this. You could hit someone ten times with your sword to kill them, or you could kick them down the stairs and stab them once. Maybe you’ve unlocked the freeze spell. You could use it to freeze an enemy, or you could use it on the ground to make enemies slip, letting you kill them with a single attack. All of these small interactions between the basic elements of combat gives the player a huge amount of freedom to play how they want.  Progression in Dark Messiah gives the player room to build their character as they wish, outside of a couple exceptions. When the game begins, you are stuck as a swordsman without any major tools to use. You can choose to specialize into either melee combat or mage combat. Technically you can focus on stealth combat or archery, but they are complementary skills and won’t be enough to get you through the game on their own. Mage progression centers around learning new spells and improving your mana (which allows you to cast spells more often). Going down the mage path doesn’t fully lock you out of melee combat because there are a number of mage weapons and armor that allow you to fight in close quarters if need be. Melee progression works the same way, where you are able to primarily fight with swords and shields, but you can easily dabble in magic as well. Stealth has its uses, but many fights won’t give you the opportunity to use it effectively. Similarly, archery is useful at long ranges, but much of the game takes place in cramped hallways and small rooms, limiting its overall effectiveness.  Once you decide on a character build, you need to collect skill points. These are given out sporadically based on quest completion and exploration, not an experience system like a typical RPG. This means you can’t sit around killing hundreds of enemies to get better, you need to explore or simply keep playing. Finding secret rooms will reward you with skill points, weapons, armor, potions, scrolls, or a mix of them. Oftentimes a weapon you would normally find after a mission can be found a level or two earlier if you discover the secret room that contains it. Some secrets are limited by your character build, such as requiring lockpicking or telekinesis. It’s a fun way to liven up the game and make it less linear, while also allowing players to ignore it if they don’t enjoy hunting for secrets.  The combat mechanics of Dark Messiah are easily the highlight of the game, but the game’s weakest area is its story. The game begins as a straightforward fantasy game, complete with a magical artifact, a big bad guy that wants it and a hero that needs to stop them in order to save the world. There is some foreshadowing for a couple of the game’s twists, but it’s too obvious and winds up spoiling it before you even have a chance to know what’s going on in the game world. Nearly every character in the game is a basic archetype with no thought put into making them feel original. You have a generic soldier, an elderly mage, a demon, etc. None of them are memorable, aside from the demon (for a reason that is a major spoiler). The overall plot of the game is painfully familiar and only serves the purpose of forcing the main character to the next location. Dark Messiah clearly expects you to focus on the combat and tune out the story, and frankly, I’m okay with that. More games should be willing to specialize in a few main areas, rather than be a jack of all trades. Dark Messiah knows that it has a varied, interesting and all-around fantastic combat system, and it doesn’t worry about having a complex narrative.  While the story is severely lacking, the presentation in Dark Messiah is consistently solid. The visuals are clearly dated, but they look fine for their age. Most of the heavy lifting is done by the level design and art direction, as opposed to the graphics having a high technical quality. Some levels feature huge set pieces in which you run through a collapsing city, while others might slow the game to a crawl as you explore a labyrinthine network of catacombs. Most locations look amazing, especially given the relatively mediocre texture quality. Dark Messiah is a perfect example of a game whose visuals are greater than the sum of its parts. Some locations can be a little bland, but they make sense in the context of the game, so it’s excusable.  When it comes to sound in Dark Messiah, it’s a bit of a mixed bag. Most of the music is good, but it can get repetitive. Even though each individual track is high quality, they all fall into two groups; either exciting combat tracks or low key exploration tracks. There isn’t much music in the game, so listening to the same ~20-25 minutes of music looped over and over again makes even the best tracks feel a little stale.  Voice acting is another issue for Dark Messiah, where some characters have great vocal performances, and others are completely bland and generic. Ironically, I found that the nameless NPCs tended to have much better voice acting than the main characters. Given the focus on combat over storytelling, this actually makes sense, as most of your time is going to be spent listening to random enemies talking to you, rather than important characters.  Overall, Dark Messiah is a great game that pairs a unique combat system with varied RPG mechanics, while also suffering from a conventional fantasy story. If you play RPGs for the story, skip Dark Messiah. There are much better story-based RPGs out there for you to play, often with good or at least decent gameplay. If you play RPGs for the combat and character progression, Dark Messiah is near perfect. The combat is challenging (depending on difficulty) but it forces you to work with what you have, rather than just throwing hordes of enemies at you. There is definitely more emphasis on the action part of action RPG, but if you know that ahead of time, you’ll enjoy your time with Dark Messiah.  8/10 [quote] Visit our [url=https://www.mmmreviews.com]website[/url] for more in-depth reviews and recommendations [/quote]",1613329255,1613330132,1,11,1,0.64439845085144,0,1,0,0,0,,"Feb 21, 2019",0 - 20000,0,0,0.99,0,0,"Welcome to the year 2100. It is the time when humans have decided to colonise Mars. You have been selected to participate in the operation by completing research on the most advanced space station in all of the history of mankind. The space station has the most advanced artificial intelligence, and when time progresses things start to take a turn for the worst. The artificial intelligence begins to malfunction, and tries to kill you at every opportunity given. Alone, you must survive long enough to escape the station and make it back to Earth, but do you have what it takes? IMMERSIVE ENVIRONMENT The atmosphere of 2100 is built to have an immersive experience. With realistic components used, you will feel as if you are in the space station in real life. THE ENEMY: ARTIFICIAL INTELLIGENCE The only enemy in 2100 is the artificial intelligence. You are placed against it, in a race against time. But do you have what it takes? Features Story Driven-While exploring the world of 2100, the story of what happened will slowly unfold. Everything may seem correct at first, but than abnormal events begin to occur. This makes you question what is happening. Large diverse space station to explore with different sectors. This is enhanced with the use of realistic items. Realistic effects used-While you fight your way against the AI and try to outsmart it, it will attempt to stop you in every possible way. You will have to be ready at what it throws at you Resource management. With very limited equipment at your disposal, will you make good or bad use of it? Will it contribute to your escape, or force you stuck on the station with the AI that is malfunctioning?",['English'],['English'],,https://shared.akamai.steamstatic.com/store_item_assets/steam/apps/1018090/header.jpg?t=1550896798,,,interactivegamingstudios29@gmail.com,True,False,False,0,,0,5,12,,0,0,,0,0,0,0,Interactive Gaming Studios,Interactive Gaming Studios,"Single-player,Family Sharing","Action,Adventure,Indie","Action,Adventure,Indie,Space,First-Person,Sci-fi,Singleplayer,3D","https://shared.akamai.steamstatic.com/store_item_assets/steam/apps/1018090/ss_38e3e3e83c33785cc2f375df1f7434604755ee53.1920x1080.jpg?t=1550896798,https://shared.akamai.steamstatic.com/store_item_assets/steam/apps/1018090/ss_7d6b78d5e1a22ea138ae8a28d4edfed93bbbc333.1920x1080.jpg?t=1550896798,https://shared.akamai.steamstatic.com/store_item_assets/steam/apps/1018090/ss_3c90c2b9064ec8e32fe494d90a573be6a76e14a2.1920x1080.jpg?t=1550896798,https://shared.akamai.steamstatic.com/store_item_assets/steam/apps/1018090/ss_c0afccf6b93c0cad248443a51c8101bf437c95fe.1920x1080.jpg?t=1550896798,https://shared.akamai.steamstatic.com/store_item_assets/steam/apps/1018090/ss_38bdcac7fb28cec4a13905f146a29862df3083f5.1920x1080.jpg?t=1550896798",
70346400,2100,Dark Messiah of Might & Magic Single Player,turkish,Efsane.,1591382707,1591382707,1,4,0,0.536186277866364,0,1,0,0,0,,"Feb 21, 2019",0 - 20000,0,0,0.99,0,0,"Welcome to the year 2100. It is the time when humans have decided to colonise Mars. You have been selected to participate in the operation by completing research on the most advanced space station in all of the history of mankind. The space station has the most advanced artificial intelligence, and when time progresses things start to take a turn for the worst. The artificial intelligence begins to malfunction, and tries to kill you at every opportunity given. Alone, you must survive long enough to escape the station and make it back to Earth, but do you have what it takes? IMMERSIVE ENVIRONMENT The atmosphere of 2100 is built to have an immersive experience. With realistic components used, you will feel as if you are in the space station in real life. THE ENEMY: ARTIFICIAL INTELLIGENCE The only enemy in 2100 is the artificial intelligence. You are placed against it, in a race against time. But do you have what it takes? Features Story Driven-While exploring the world of 2100, the story of what happened will slowly unfold. Everything may seem correct at first, but than abnormal events begin to occur. This makes you question what is happening. Large diverse space station to explore with different sectors. This is enhanced with the use of realistic items. Realistic effects used-While you fight your way against the AI and try to outsmart it, it will attempt to stop you in every possible way. You will have to be ready at what it throws at you Resource management. With very limited equipment at your disposal, will you make good or bad use of it? Will it contribute to your escape, or force you stuck on the station with the AI that is malfunctioning?",['English'],['English'],,https://shared.akamai.steamstatic.com/store_item_assets/steam/apps/1018090/header.jpg?t=1550896798,,,interactivegamingstudios29@gmail.com,True,False,False,0,,0,5,12,,0,0,,0,0,0,0,Interactive Gaming Studios,Interactive Gaming Studios,"Single-player,Family Sharing","Action,Adventure,Indie","Action,Adventure,Indie,Space,First-Person,Sci-fi,Singleplayer,3D","https://shared.akamai.steamstatic.com/store_item_assets/steam/apps/1018090/ss_38e3e3e83c33785cc2f375df1f7434604755ee53.1920x1080.jpg?t=1550896798,https://shared.akamai.steamstatic.com/store_item_assets/steam/apps/1018090/ss_7d6b78d5e1a22ea138ae8a28d4edfed93bbbc333.1920x1080.jpg?t=1550896798,https://shared.akamai.steamstatic.com/store_item_assets/steam/apps/1018090/ss_3c90c2b9064ec8e32fe494d90a573be6a76e14a2.1920x1080.jpg?t=1550896798,https://shared.akamai.steamstatic.com/store_item_assets/steam/apps/1018090/ss_c0afccf6b93c0cad248443a51c8101bf437c95fe.1920x1080.jpg?t=1550896798,https://shared.akamai.steamstatic.com/store_item_assets/steam/apps/1018090/ss_38bdcac7fb28cec4a13905f146a29862df3083f5.1920x1080.jpg?t=1550896798",
64007895,2100,Dark Messiah of Might & Magic Single Player,english,YOU CAN YEET ORGRES OFF A LEDGES WITH THE ALMIGHTY DUKE FOOT CAW CAW,1582483149,1582483149,1,3,2,0.476644843816757,0,1,0,0,0,,"Feb 21, 2019",0 - 20000,0,0,0.99,0,0,"Welcome to the year 2100. It is the time when humans have decided to colonise Mars. You have been selected to participate in the operation by completing research on the most advanced space station in all of the history of mankind. The space station has the most advanced artificial intelligence, and when time progresses things start to take a turn for the worst. The artificial intelligence begins to malfunction, and tries to kill you at every opportunity given. Alone, you must survive long enough to escape the station and make it back to Earth, but do you have what it takes? IMMERSIVE ENVIRONMENT The atmosphere of 2100 is built to have an immersive experience. With realistic components used, you will feel as if you are in the space station in real life. THE ENEMY: ARTIFICIAL INTELLIGENCE The only enemy in 2100 is the artificial intelligence. You are placed against it, in a race against time. But do you have what it takes? Features Story Driven-While exploring the world of 2100, the story of what happened will slowly unfold. Everything may seem correct at first, but than abnormal events begin to occur. This makes you question what is happening. Large diverse space station to explore with different sectors. This is enhanced with the use of realistic items. Realistic effects used-While you fight your way against the AI and try to outsmart it, it will attempt to stop you in every possible way. You will have to be ready at what it throws at you Resource management. With very limited equipment at your disposal, will you make good or bad use of it? Will it contribute to your escape, or force you stuck on the station with the AI that is malfunctioning?",['English'],['English'],,https://shared.akamai.steamstatic.com/store_item_assets/steam/apps/1018090/header.jpg?t=1550896798,,,interactivegamingstudios29@gmail.com,True,False,False,0,,0,5,12,,0,0,,0,0,0,0,Interactive Gaming Studios,Interactive Gaming Studios,"Single-player,Family Sharing","Action,Adventure,Indie","Action,Adventure,Indie,Space,First-Person,Sci-fi,Singleplayer,3D","https://shared.akamai.steamstatic.com/store_item_assets/steam/apps/1018090/ss_38e3e3e83c33785cc2f375df1f7434604755ee53.1920x1080.jpg?t=1550896798,https://shared.akamai.steamstatic.com/store_item_assets/steam/apps/1018090/ss_7d6b78d5e1a22ea138ae8a28d4edfed93bbbc333.1920x1080.jpg?t=1550896798,https://shared.akamai.steamstatic.com/store_item_assets/steam/apps/1018090/ss_3c90c2b9064ec8e32fe494d90a573be6a76e14a2.1920x1080.jpg?t=1550896798,https://shared.akamai.steamstatic.com/store_item_assets/steam/apps/1018090/ss_c0afccf6b93c0cad248443a51c8101bf437c95fe.1920x1080.jpg?t=1550896798,https://shared.akamai.steamstatic.com/store_item_assets/steam/apps/1018090/ss_38bdcac7fb28cec4a13905f146a29862df3083f5.1920x1080.jpg?t=1550896798",
55268816,2100,Dark Messiah of Might & Magic Single Player,spanish,Masomenos eh. El combate está bueno. Las misiones son pasables y los gráficos son muy malos. Lo compré porque las imágenes me habían atrapado y el juego es otra cosa. A juntar polvo en la biblioteca en la sección ocultos.,1569379407,1569379407,0,0,0,0.379266738891602,0,1,0,0,0,,"Feb 21, 2019",0 - 20000,0,0,0.99,0,0,"Welcome to the year 2100. It is the time when humans have decided to colonise Mars. You have been selected to participate in the operation by completing research on the most advanced space station in all of the history of mankind. The space station has the most advanced artificial intelligence, and when time progresses things start to take a turn for the worst. The artificial intelligence begins to malfunction, and tries to kill you at every opportunity given. Alone, you must survive long enough to escape the station and make it back to Earth, but do you have what it takes? IMMERSIVE ENVIRONMENT The atmosphere of 2100 is built to have an immersive experience. With realistic components used, you will feel as if you are in the space station in real life. THE ENEMY: ARTIFICIAL INTELLIGENCE The only enemy in 2100 is the artificial intelligence. You are placed against it, in a race against time. But do you have what it takes? Features Story Driven-While exploring the world of 2100, the story of what happened will slowly unfold. Everything may seem correct at first, but than abnormal events begin to occur. This makes you question what is happening. Large diverse space station to explore with different sectors. This is enhanced with the use of realistic items. Realistic effects used-While you fight your way against the AI and try to outsmart it, it will attempt to stop you in every possible way. You will have to be ready at what it throws at you Resource management. With very limited equipment at your disposal, will you make good or bad use of it? Will it contribute to your escape, or force you stuck on the station with the AI that is malfunctioning?",['English'],['English'],,https://shared.akamai.steamstatic.com/store_item_assets/steam/apps/1018090/header.jpg?t=1550896798,,,interactivegamingstudios29@gmail.com,True,False,False,0,,0,5,12,,0,0,,0,0,0,0,Interactive Gaming Studios,Interactive Gaming Studios,"Single-player,Family Sharing","Action,Adventure,Indie","Action,Adventure,Indie,Space,First-Person,Sci-fi,Singleplayer,3D","https://shared.akamai.steamstatic.com/store_item_assets/steam/apps/1018090/ss_38e3e3e83c33785cc2f375df1f7434604755ee53.1920x1080.jpg?t=1550896798,https://shared.akamai.steamstatic.com/store_item_assets/steam/apps/1018090/ss_7d6b78d5e1a22ea138ae8a28d4edfed93bbbc333.1920x1080.jpg?t=1550896798,https://shared.akamai.steamstatic.com/store_item_assets/steam/apps/1018090/ss_3c90c2b9064ec8e32fe494d90a573be6a76e14a2.1920x1080.jpg?t=1550896798,https://shared.akamai.steamstatic.com/store_item_assets/steam/apps/1018090/ss_c0afccf6b93c0cad248443a51c8101bf437c95fe.1920x1080.jpg?t=1550896798,https://shared.akamai.steamstatic.com/store_item_assets/steam/apps/1018090/ss_38bdcac7fb28cec4a13905f146a29862df3083f5.1920x1080.jpg?t=1550896798",
55165103,2100,Dark Messiah of Might & Magic Single Player,english,"More games need a ‘kick’ button.  Despite its inconsistencies, glitches, and many arguable design choices, I found it hard to stay upset with Dark Messiah whenever freezing, kicking, yeeting, and deleting goblins. There’s a special place in my heart for janky source engine physics. The game is a step away from being just a generic, classical RPG, but the focus on environmental observation and interactivity provides Dark Messiah with a touch of integrity. Overall, it’s an insightful look into the early days of Arkane Studios and the basic philosophies of stim/response systems.",1568785527,1568785527,1,0,0,0.493048995733261,0,1,0,0,0,,"Feb 21, 2019",0 - 20000,0,0,0.99,0,0,"Welcome to the year 2100. It is the time when humans have decided to colonise Mars. You have been selected to participate in the operation by completing research on the most advanced space station in all of the history of mankind. The space station has the most advanced artificial intelligence, and when time progresses things start to take a turn for the worst. The artificial intelligence begins to malfunction, and tries to kill you at every opportunity given. Alone, you must survive long enough to escape the station and make it back to Earth, but do you have what it takes? IMMERSIVE ENVIRONMENT The atmosphere of 2100 is built to have an immersive experience. With realistic components used, you will feel as if you are in the space station in real life. THE ENEMY: ARTIFICIAL INTELLIGENCE The only enemy in 2100 is the artificial intelligence. You are placed against it, in a race against time. But do you have what it takes? Features Story Driven-While exploring the world of 2100, the story of what happened will slowly unfold. Everything may seem correct at first, but than abnormal events begin to occur. This makes you question what is happening. Large diverse space station to explore with different sectors. This is enhanced with the use of realistic items. Realistic effects used-While you fight your way against the AI and try to outsmart it, it will attempt to stop you in every possible way. You will have to be ready at what it throws at you Resource management. With very limited equipment at your disposal, will you make good or bad use of it? Will it contribute to your escape, or force you stuck on the station with the AI that is malfunctioning?",['English'],['English'],,https://shared.akamai.steamstatic.com/store_item_assets/steam/apps/1018090/header.jpg?t=1550896798,,,interactivegamingstudios29@gmail.com,True,False,False,0,,0,5,12,,0,0,,0,0,0,0,Interactive Gaming Studios,Interactive Gaming Studios,"Single-player,Family Sharing","Action,Adventure,Indie","Action,Adventure,Indie,Space,First-Person,Sci-fi,Singleplayer,3D","https://shared.akamai.steamstatic.com/store_item_assets/steam/apps/1018090/ss_38e3e3e83c33785cc2f375df1f7434604755ee53.1920x1080.jpg?t=1550896798,https://shared.akamai.steamstatic.com/store_item_assets/steam/apps/1018090/ss_7d6b78d5e1a22ea138ae8a28d4edfed93bbbc333.1920x1080.jpg?t=1550896798,https://shared.akamai.steamstatic.com/store_item_assets/steam/apps/1018090/ss_3c90c2b9064ec8e32fe494d90a573be6a76e14a2.1920x1080.jpg?t=1550896798,https://shared.akamai.steamstatic.com/store_item_assets/steam/apps/1018090/ss_c0afccf6b93c0cad248443a51c8101bf437c95fe.1920x1080.jpg?t=1550896798,https://shared.akamai.steamstatic.com/store_item_assets/steam/apps/1018090/ss_38bdcac7fb28cec4a13905f146a29862df3083f5.1920x1080.jpg?t=1550896798",
54739044,2100,Dark Messiah of Might & Magic Single Player,english,"What Is Dark Messiah of Might & Magic ?  As someone who discovered this game years ago, its one of those games that has a cult following who love to call it an underrated gem or something that people should ""definitely play"", and It may even be, this game didnt caught enough attention back when It was released and what got my attention to it in order to play it years later was how cool the melee combat looked and how fluid the whole combat seemed to be and once you learn how it works, how to control your character and start upgrading it, you will see that the combat in this game is really unique, sadly, its not polished enough, there are many janks and other problems here and there, hits that dont connect, strange hitboxes and overall lack of balance, the game gives you different types of items such as daggers for stealth, staves for multi-enemy combat with magic spells, sword and shield, other cool spells, grabbing objects around to throw them at enemies and using telekinesis to throw barrel into them, all of this is fun and diverse but again balance is an issue, stealth imo sucked and magic is more a complimentary thing rather than a focused build, I went full warrior build (heavy armor + sword and shield) and by the end of the game I was a god, I barely took damage, yet Ive seen people complaining how magic build is good early game and shitty endgame, the game is linear despite all those rpg mechanics and that is fine, the problem is, the locations you visit are very generic and bland, the soundtrack is forgettable, the story is completely thrown away and the level design is hit and miss, the final level was freaking horrible and I had a hard time during that, the game pads wayy to much to increase its duration and the ending is a huge let down, this feels like all this adventure we participated in was for nothing.  I would say this is arkane's worst game, they are one of the best developers when it comes to level design and creativity and while this game has some creativity in its combat, the overall visuals and soundtrack is really uninspired, it feels like an incomplete game, really unpolished. I was loving the game on the first half and It was fun, but once I got into the second half, the game's flaws became more apparent and noticeable that I couldnt just ignore it, once I finally finished it, I didnt want to play it ever again and felt that the whole experience/time I spent on it was just a waste of time, if you just discovered this game or it caught your attention and you may be interested on it, I would say if you have high tolerance for flawed, old games, go for it, but I dont think that, even if you have patience for a mess of a game like this, you will NOT get something worth out of it.  Also, the game is very broken with many performance issues on modern pcs, many people on older systems such as W7 or above, I couldnt even launch it, I had to delete dlls on the windows system file and install some patches, crashes are common too.  So, I don't recommend this game at all, its painfully mediocre and if you're someone who is interested into older pc games, there are better options out there, this game is just very passable and kinda useless.",1566420547,1612458094,0,8,0,0.509902894496918,0,1,0,0,0,,"Feb 21, 2019",0 - 20000,0,0,0.99,0,0,"Welcome to the year 2100. It is the time when humans have decided to colonise Mars. You have been selected to participate in the operation by completing research on the most advanced space station in all of the history of mankind. The space station has the most advanced artificial intelligence, and when time progresses things start to take a turn for the worst. The artificial intelligence begins to malfunction, and tries to kill you at every opportunity given. Alone, you must survive long enough to escape the station and make it back to Earth, but do you have what it takes? IMMERSIVE ENVIRONMENT The atmosphere of 2100 is built to have an immersive experience. With realistic components used, you will feel as if you are in the space station in real life. THE ENEMY: ARTIFICIAL INTELLIGENCE The only enemy in 2100 is the artificial intelligence. You are placed against it, in a race against time. But do you have what it takes? Features Story Driven-While exploring the world of 2100, the story of what happened will slowly unfold. Everything may seem correct at first, but than abnormal events begin to occur. This makes you question what is happening. Large diverse space station to explore with different sectors. This is enhanced with the use of realistic items. Realistic effects used-While you fight your way against the AI and try to outsmart it, it will attempt to stop you in every possible way. You will have to be ready at what it throws at you Resource management. With very limited equipment at your disposal, will you make good or bad use of it? Will it contribute to your escape, or force you stuck on the station with the AI that is malfunctioning?",['English'],['English'],,https://shared.akamai.steamstatic.com/store_item_assets/steam/apps/1018090/header.jpg?t=1550896798,,,interactivegamingstudios29@gmail.com,True,False,False,0,,0,5,12,,0,0,,0,0,0,0,Interactive Gaming Studios,Interactive Gaming Studios,"Single-player,Family Sharing","Action,Adventure,Indie","Action,Adventure,Indie,Space,First-Person,Sci-fi,Singleplayer,3D","https://shared.akamai.steamstatic.com/store_item_assets/steam/apps/1018090/ss_38e3e3e83c33785cc2f375df1f7434604755ee53.1920x1080.jpg?t=1550896798,https://shared.akamai.steamstatic.com/store_item_assets/steam/apps/1018090/ss_7d6b78d5e1a22ea138ae8a28d4edfed93bbbc333.1920x1080.jpg?t=1550896798,https://shared.akamai.steamstatic.com/store_item_assets/steam/apps/1018090/ss_3c90c2b9064ec8e32fe494d90a573be6a76e14a2.1920x1080.jpg?t=1550896798,https://shared.akamai.steamstatic.com/store_item_assets/steam/apps/1018090/ss_c0afccf6b93c0cad248443a51c8101bf437c95fe.1920x1080.jpg?t=1550896798,https://shared.akamai.steamstatic.com/store_item_assets/steam/apps/1018090/ss_38bdcac7fb28cec4a13905f146a29862df3083f5.1920x1080.jpg?t=1550896798",
47212777,2100,Dark Messiah of Might & Magic Single Player,english,"When the world needs a hero, but instead they get a guy who just wants to kick Orcs off cliffs, blow people up with magic and have fun with his demon ""friend"". I'm sure he'll do a good job....probably",1543596231,1543596231,1,8,1,0.633642554283142,0,1,0,0,0,,"Feb 21, 2019",0 - 20000,0,0,0.99,0,0,"Welcome to the year 2100. It is the time when humans have decided to colonise Mars. You have been selected to participate in the operation by completing research on the most advanced space station in all of the history of mankind. The space station has the most advanced artificial intelligence, and when time progresses things start to take a turn for the worst. The artificial intelligence begins to malfunction, and tries to kill you at every opportunity given. Alone, you must survive long enough to escape the station and make it back to Earth, but do you have what it takes? IMMERSIVE ENVIRONMENT The atmosphere of 2100 is built to have an immersive experience. With realistic components used, you will feel as if you are in the space station in real life. THE ENEMY: ARTIFICIAL INTELLIGENCE The only enemy in 2100 is the artificial intelligence. You are placed against it, in a race against time. But do you have what it takes? Features Story Driven-While exploring the world of 2100, the story of what happened will slowly unfold. Everything may seem correct at first, but than abnormal events begin to occur. This makes you question what is happening. Large diverse space station to explore with different sectors. This is enhanced with the use of realistic items. Realistic effects used-While you fight your way against the AI and try to outsmart it, it will attempt to stop you in every possible way. You will have to be ready at what it throws at you Resource management. With very limited equipment at your disposal, will you make good or bad use of it? Will it contribute to your escape, or force you stuck on the station with the AI that is malfunctioning?",['English'],['English'],,https://shared.akamai.steamstatic.com/store_item_assets/steam/apps/1018090/header.jpg?t=1550896798,,,interactivegamingstudios29@gmail.com,True,False,False,0,,0,5,12,,0,0,,0,0,0,0,Interactive Gaming Studios,Interactive Gaming Studios,"Single-player,Family Sharing","Action,Adventure,Indie","Action,Adventure,Indie,Space,First-Person,Sci-fi,Singleplayer,3D","https://shared.akamai.steamstatic.com/store_item_assets/steam/apps/1018090/ss_38e3e3e83c33785cc2f375df1f7434604755ee53.1920x1080.jpg?t=1550896798,https://shared.akamai.steamstatic.com/store_item_assets/steam/apps/1018090/ss_7d6b78d5e1a22ea138ae8a28d4edfed93bbbc333.1920x1080.jpg?t=1550896798,https://shared.akamai.steamstatic.com/store_item_assets/steam/apps/1018090/ss_3c90c2b9064ec8e32fe494d90a573be6a76e14a2.1920x1080.jpg?t=1550896798,https://shared.akamai.steamstatic.com/store_item_assets/steam/apps/1018090/ss_c0afccf6b93c0cad248443a51c8101bf437c95fe.1920x1080.jpg?t=1550896798,https://shared.akamai.steamstatic.com/store_item_assets/steam/apps/1018090/ss_38bdcac7fb28cec4a13905f146a29862df3083f5.1920x1080.jpg?t=1550896798",
12725705,2100,Dark Messiah of Might & Magic Single Player,koreana,싱글플레이와 멀티가 물리엔진이 다릅니다.싱글플레이가 좀더 재미있으며 멀티도 재밌습니다.,1414854740,1414854740,1,35,3,0.789418399333954,0,0,0,0,0,,"Feb 21, 2019",0 - 20000,0,0,0.99,0,0,"Welcome to the year 2100. It is the time when humans have decided to colonise Mars. You have been selected to participate in the operation by completing research on the most advanced space station in all of the history of mankind. The space station has the most advanced artificial intelligence, and when time progresses things start to take a turn for the worst. The artificial intelligence begins to malfunction, and tries to kill you at every opportunity given. Alone, you must survive long enough to escape the station and make it back to Earth, but do you have what it takes? IMMERSIVE ENVIRONMENT The atmosphere of 2100 is built to have an immersive experience. With realistic components used, you will feel as if you are in the space station in real life. THE ENEMY: ARTIFICIAL INTELLIGENCE The only enemy in 2100 is the artificial intelligence. You are placed against it, in a race against time. But do you have what it takes? Features Story Driven-While exploring the world of 2100, the story of what happened will slowly unfold. Everything may seem correct at first, but than abnormal events begin to occur. This makes you question what is happening. Large diverse space station to explore with different sectors. This is enhanced with the use of realistic items. Realistic effects used-While you fight your way against the AI and try to outsmart it, it will attempt to stop you in every possible way. You will have to be ready at what it throws at you Resource management. With very limited equipment at your disposal, will you make good or bad use of it? Will it contribute to your escape, or force you stuck on the station with the AI that is malfunctioning?",['English'],['English'],,https://shared.akamai.steamstatic.com/store_item_assets/steam/apps/1018090/header.jpg?t=1550896798,,,interactivegamingstudios29@gmail.com,True,False,False,0,,0,5,12,,0,0,,0,0,0,0,Interactive Gaming Studios,Interactive Gaming Studios,"Single-player,Family Sharing","Action,Adventure,Indie","Action,Adventure,Indie,Space,First-Person,Sci-fi,Singleplayer,3D","https://shared.akamai.steamstatic.com/store_item_assets/steam/apps/1018090/ss_38e3e3e83c33785cc2f375df1f7434604755ee53.1920x1080.jpg?t=1550896798,https://shared.akamai.steamstatic.com/store_item_assets/steam/apps/1018090/ss_7d6b78d5e1a22ea138ae8a28d4edfed93bbbc333.1920x1080.jpg?t=1550896798,https://shared.akamai.steamstatic.com/store_item_assets/steam/apps/1018090/ss_3c90c2b9064ec8e32fe494d90a573be6a76e14a2.1920x1080.jpg?t=1550896798,https://shared.akamai.steamstatic.com/store_item_assets/steam/apps/1018090/ss_c0afccf6b93c0cad248443a51c8101bf437c95fe.1920x1080.jpg?t=1550896798,https://shared.akamai.steamstatic.com/store_item_assets/steam/apps/1018090/ss_38bdcac7fb28cec4a13905f146a29862df3083f5.1920x1080.jpg?t=1550896798",
10160819,2100,Dark Messiah of Might & Magic Single Player,russian,"Это самое лучшее из всего того, во что я играл. #иградетства 10/10. Must have.",1400428870,1560704272,1,0,3,0.0,0,1,0,0,0,,"Feb 21, 2019",0 - 20000,0,0,0.99,0,0,"Welcome to the year 2100. It is the time when humans have decided to colonise Mars. You have been selected to participate in the operation by completing research on the most advanced space station in all of the history of mankind. The space station has the most advanced artificial intelligence, and when time progresses things start to take a turn for the worst. The artificial intelligence begins to malfunction, and tries to kill you at every opportunity given. Alone, you must survive long enough to escape the station and make it back to Earth, but do you have what it takes? IMMERSIVE ENVIRONMENT The atmosphere of 2100 is built to have an immersive experience. With realistic components used, you will feel as if you are in the space station in real life. THE ENEMY: ARTIFICIAL INTELLIGENCE The only enemy in 2100 is the artificial intelligence. You are placed against it, in a race against time. But do you have what it takes? Features Story Driven-While exploring the world of 2100, the story of what happened will slowly unfold. Everything may seem correct at first, but than abnormal events begin to occur. This makes you question what is happening. Large diverse space station to explore with different sectors. This is enhanced with the use of realistic items. Realistic effects used-While you fight your way against the AI and try to outsmart it, it will attempt to stop you in every possible way. You will have to be ready at what it throws at you Resource management. With very limited equipment at your disposal, will you make good or bad use of it? Will it contribute to your escape, or force you stuck on the station with the AI that is malfunctioning?",['English'],['English'],,https://shared.akamai.steamstatic.com/store_item_assets/steam/apps/1018090/header.jpg?t=1550896798,,,interactivegamingstudios29@gmail.com,True,False,False,0,,0,5,12,,0,0,,0,0,0,0,Interactive Gaming Studios,Interactive Gaming Studios,"Single-player,Family Sharing","Action,Adventure,Indie","Action,Adventure,Indie,Space,First-Person,Sci-fi,Singleplayer,3D","https://shared.akamai.steamstatic.com/store_item_assets/steam/apps/1018090/ss_38e3e3e83c33785cc2f375df1f7434604755ee53.1920x1080.jpg?t=1550896798,https://shared.akamai.steamstatic.com/store_item_assets/steam/apps/1018090/ss_7d6b78d5e1a22ea138ae8a28d4edfed93bbbc333.1920x1080.jpg?t=1550896798,https://shared.akamai.steamstatic.com/store_item_assets/steam/apps/1018090/ss_3c90c2b9064ec8e32fe494d90a573be6a76e14a2.1920x1080.jpg?t=1550896798,https://shared.akamai.steamstatic.com/store_item_assets/steam/apps/1018090/ss_c0afccf6b93c0cad248443a51c8101bf437c95fe.1920x1080.jpg?t=1550896798,https://shared.akamai.steamstatic.com/store_item_assets/steam/apps/1018090/ss_38bdcac7fb28cec4a13905f146a29862df3083f5.1920x1080.jpg?t=1550896798",
8808090,2100,Dark Messiah of Might & Magic Single Player,french,"C'est un pur bonheur ce titre ! Il date un peu (2006) mais quel plaisir d'y jouer et d'y rejouer ! Personnellement j'ai terminé le jeu avec les différentes fins et j'ai toujours autant apprécié ! Des graphismes très poussés (notamment pour l'époque), une ambiance générale dark-fantasy très agréable, un scénario et divers choix à faire plutôt agréables, une musique peu présente mais un environnement sonore et des bruitages très réussis ! Cette volonté d'absence musicale décidée par Arkane est finalement bien vécue et propice à l'univers mis en place ! Une jouabilité excellente et une durée de vie excellente (environ 15 heures pour le terminé la première fois en essayant de découvrir le maximum de secrets et de finir, bien sûr, toutes les quêtes principales et secondaires) ! Un peu de language ordurier et du sang à foison. N'étant pas un fan par nature des jeux multijoueurs, je n'ai pas poursuivi l'expérience avec le mode multi mais toujours est il que j'en ai entendu que du bien ! En revanche, la note donnée dans cette évaluation ne prend donc pas en compte ce dernier. Bref, je recommande vivement à tous, notamment ceux qui sont amateurs du genre RPG Héroïc-dark-fantasy à l'ancienne ! >> 17/20",1390401980,1390402235,1,44,0,0.795399367809296,0,1,0,0,0,,"Feb 21, 2019",0 - 20000,0,0,0.99,0,0,"Welcome to the year 2100. It is the time when humans have decided to colonise Mars. You have been selected to participate in the operation by completing research on the most advanced space station in all of the history of mankind. The space station has the most advanced artificial intelligence, and when time progresses things start to take a turn for the worst. The artificial intelligence begins to malfunction, and tries to kill you at every opportunity given. Alone, you must survive long enough to escape the station and make it back to Earth, but do you have what it takes? IMMERSIVE ENVIRONMENT The atmosphere of 2100 is built to have an immersive experience. With realistic components used, you will feel as if you are in the space station in real life. THE ENEMY: ARTIFICIAL INTELLIGENCE The only enemy in 2100 is the artificial intelligence. You are placed against it, in a race against time. But do you have what it takes? Features Story Driven-While exploring the world of 2100, the story of what happened will slowly unfold. Everything may seem correct at first, but than abnormal events begin to occur. This makes you question what is happening. Large diverse space station to explore with different sectors. This is enhanced with the use of realistic items. Realistic effects used-While you fight your way against the AI and try to outsmart it, it will attempt to stop you in every possible way. You will have to be ready at what it throws at you Resource management. With very limited equipment at your disposal, will you make good or bad use of it? Will it contribute to your escape, or force you stuck on the station with the AI that is malfunctioning?",['English'],['English'],,https://shared.akamai.steamstatic.com/store_item_assets/steam/apps/1018090/header.jpg?t=1550896798,,,interactivegamingstudios29@gmail.com,True,False,False,0,,0,5,12,,0,0,,0,0,0,0,Interactive Gaming Studios,Interactive Gaming Studios,"Single-player,Family Sharing","Action,Adventure,Indie","Action,Adventure,Indie,Space,First-Person,Sci-fi,Singleplayer,3D","https://shared.akamai.steamstatic.com/store_item_assets/steam/apps/1018090/ss_38e3e3e83c33785cc2f375df1f7434604755ee53.1920x1080.jpg?t=1550896798,https://shared.akamai.steamstatic.com/store_item_assets/steam/apps/1018090/ss_7d6b78d5e1a22ea138ae8a28d4edfed93bbbc333.1920x1080.jpg?t=1550896798,https://shared.akamai.steamstatic.com/store_item_assets/steam/apps/1018090/ss_3c90c2b9064ec8e32fe494d90a573be6a76e14a2.1920x1080.jpg?t=1550896798,https://shared.akamai.steamstatic.com/store_item_assets/steam/apps/1018090/ss_c0afccf6b93c0cad248443a51c8101bf437c95fe.1920x1080.jpg?t=1550896798,https://shared.akamai.steamstatic.com/store_item_assets/steam/apps/1018090/ss_38bdcac7fb28cec4a13905f146a29862df3083f5.1920x1080.jpg?t=1550896798",
